"Participant_Private_ID","age","gender","ethnic","religiosity","education","education-quantised","children","SES","comment","ethnic2","ethnic-other","ethnic3"
"8993165",45,"man","ישראלי/ת","1","למדתי לימודים מתקדמים מעבר לתואר ראשון","7",3,7,NA,NA,NA,NA
"8993173",NA,"woman","ישראלי/ת","1","למדתי לימודים מתקדמים מעבר לתואר ראשון","7",3,9,NA,NA,NA,NA
"8993179",44,"man","ישראלי/ת","1","השלמתי תואר ראשון באוניברסיטה","6",1,6,NA,NA,NA,NA
"8993155",44,"man","ישראלי/ת","1","השלמתי תואר ראשון באוניברסיטה","6",NA,8,NA,NA,NA,NA
"8993178",37,"woman","ישראלי/ת","2","השלמתי תואר ראשון באוניברסיטה","6",2,4,NA,"יהודי/ת",NA,NA
"8993198",48,"man","ישראלי/ת","1","השלמתי תואר ראשון באוניברסיטה","6",3,9,NA,NA,NA,NA
"8993225",34,"woman","ישראלי/ת","5","השלמתי תואר ראשון באוניברסיטה","6",2,5,NA,"יהודי/ת",NA,NA
"8993238",53,"man","ישראלי/ת","1","השלמתי תואר ראשון באוניברסיטה","6",3,9,NA,NA,NA,NA
"8993237",31,"man","ישראלי/ת","4","השלמתי תואר ראשון באוניברסיטה","6",0,7,NA,"יהודי/ת",NA,NA
"8993251",27,"woman","ישראלי/ת","6","השלמתי תואר ראשון באוניברסיטה","6",0,6,NA,"יהודי/ת",NA,NA
"8993269",44,"woman","ישראלי/ת","1","השלמתי בית ספר תיכון","4",3,4,NA,"יהודי/ת",NA,NA
"8993337",39,"man","ישראלי/ת","1","השלמתי תואר ראשון באוניברסיטה","6",2,8,NA,"יהודי/ת",NA,NA
"8993342",31,"woman","ישראלי/ת","2","למדתי לימודים מתקדמים מעבר לתואר ראשון","7",NA,6,NA,"יהודי/ת",NA,NA
"8993343",42,"man","ישראלי/ת","1","השלמתי תואר ראשון באוניברסיטה","6",2,8,NA,NA,NA,NA
"8993349",26,"woman","ישראלי/ת","1","חלק מתואר ראשון באוניברסיטה","5",0,6,NA,NA,NA,NA
"8993354",35,"woman","ישראלי/ת","2","למדתי לימודים מתקדמים מעבר לתואר ראשון","7",2,7,"היה נחמד",NA,NA,NA
"8993387",40,"man","ישראלי/ת","1","השלמתי תואר ראשון באוניברסיטה","6",3,7,NA,NA,NA,NA
"8993401",26,"woman","ישראלי/ת","2","חלק מתואר ראשון באוניברסיטה","5",0,NA,NA,NA,NA,NA
"8993400",47,"man","ישראלי/ת","1","למדתי לימודים מתקדמים מעבר לתואר ראשון","7",3,9,"אין הערות","יהודי/ת",NA,NA
"8993370",30,"man","ישראלי/ת","1","השלמתי בית ספר תיכון","4",2,6,NA,NA,NA,NA
"8993488",38,"man","ישראלי/ת","1","השלמתי תואר ראשון באוניברסיטה","6",3,8,NA,NA,NA,NA
"8993506",38,"man","ישראלי/ת","1","השלמתי תואר ראשון באוניברסיטה","6",1,6,NA,"יהודי/ת",NA,NA
"8993524",39,"man","ישראלי/ת","1","השלמתי תואר ראשון באוניברסיטה","6",2,7,NA,NA,NA,NA
"8993559",43,"woman","ישראלי/ת","1","השלמתי תואר ראשון באוניברסיטה","6",3,9,NA,NA,NA,NA
"8993572",51,"man","ישראלי/ת","1","השלמתי תואר ראשון באוניברסיטה","6",3,7,NA,NA,NA,NA
"8993626",34,"man","ישראלי/ת","1","השלמתי תואר ראשון באוניברסיטה","6",1,8,NA,"יהודי/ת",NA,NA
"8993624",68,"man",NA,NA,"חלק מתואר ראשון באוניברסיטה","5",2,8,"רהוט וברור","יהודי/ת",NA,NA
"8993634",39,"man","ישראלי/ת","4","השלמתי תואר ראשון באוניברסיטה","6",NA,5,NA,NA,NA,NA
"8993647",28,"man","ישראלי/ת","5","חלק מתואר ראשון באוניברסיטה","5",0,9,"מהיר מידי הזמן תגובה",NA,NA,NA
"8993646",55,"man","ישראלי/ת","1","למדתי לימודים מתקדמים מעבר לתואר ראשון","7",3,8,NA,NA,NA,NA
"8993662",44,"woman",NA,"2","השלמתי תואר ראשון באוניברסיטה","6",2,7,NA,"יהודי/ת",NA,NA
"8993742",71,"woman","ישראלי/ת","1","למדתי לימודים מתקדמים מעבר לתואר ראשון","7",2,8,NA,NA,NA,NA
"8993823",NA,"woman","ישראלי/ת","3","למדתי לימודים מתקדמים מעבר לתואר ראשון","7",3,7,NA,NA,NA,NA
"8993933",NA,"woman","ישראלי/ת","2","חלק מתואר ראשון באוניברסיטה","5",0,6,NA,"יהודי/ת",NA,NA
"8993938",NA,"woman","ישראלי/ת","1","השלמתי בית ספר תיכון","4",0,7,"הכל היה בסדר אין לי מה להוסיף",NA,NA,NA
"8993929",54,"woman","ישראלי/ת","1","למדתי לימודים מתקדמים מעבר לתואר ראשון","7",3,6,NA,NA,NA,NA
"8993685",33,"woman","ישראלי/ת","4","השלמתי תואר ראשון באוניברסיטה","6",0,7,NA,NA,NA,NA
"8993992",39,"woman","ישראלי/ת","5","השלמתי בית ספר תיכון","4",2,3,NA,"יהודי/ת",NA,NA
"8994003",49,"woman",NA,"1","למדתי לימודים מתקדמים מעבר לתואר ראשון","7",2,7,NA,"יהודי/ת",NA,NA
"8994000",NA,"woman","ישראלי/ת","5","חלק מלימודים על יסודיים (חטיבת ביניים ותיכון)","3",0,5,NA,"יהודי/ת",NA,NA
"8994005",34,"man","ישראלי/ת","5","השלמתי בית ספר תיכון","4",0,6,NA,"יהודי/ת",NA,NA
"8994008",NA,"man","ישראלי/ת","2","השלמתי בית ספר תיכון","4",4,5,NA,NA,NA,NA
"8993993",NA,"woman","ישראלי/ת","1","למדתי לימודים מתקדמים מעבר לתואר ראשון","7",0,8,NA,NA,NA,NA
"8993997",NA,"woman","ישראלי/ת","1","למדתי לימודים מתקדמים מעבר לתואר ראשון","7",0,6,"הניסוי היה לי בעייתי. לא ברור מה אתם מנסים לבדוק, אבל להתייחס לממד הסוציולוגי בלבד מבלי לבחון האם לנדבדקים יש הפרעות קשב וריכוז, אתגרים במיומניות טכנולוגיות ועוד, זה מתכון להשגת תוצאות מוטות. הרבה פעמים רפלקס התגובה שלי היה מהיר יותר מהמחשבה שלי ולא הצלחתי ללחוץ על הכפתור שהתכוונתי ללחוץ עליו, אלא על ה יותר, מכיוון שהכפתור הנגדי. הבעיות מהסוג הזה מעוררות חשש לגבי מהימנותם של מחקרים. בכל מקרה, אציין גם שתיבת כתיבת התגובה על המחקר צריכה להיות גדולהשורה הבודדת לא מזמינה אנשים לכתוב. הם עשויים לחשוש שנגמר המקום ברגע שנגמרת השורה, וגם יש קושי לעקוב אחר התוכן שכותבים  מעבר למה שמופיע על המסך.","יהודי/ת","אחר",NA
"8994016",56,"man","ישראלי/ת","1","למדתי לימודים מתקדמים מעבר לתואר ראשון","7",3,7,NA,"יהודי/ת",NA,NA
"8994173",26,"woman","ישראלי/ת","2","חלק מתואר ראשון באוניברסיטה","5",0,7,NA,NA,NA,NA
"8994193",30,"man","ישראלי/ת","1","השלמתי תואר ראשון באוניברסיטה","6",0,8,NA,NA,NA,NA
"8993752",32,"man","ישראלי/ת","2","השלמתי תואר ראשון באוניברסיטה","6",2,3,NA,NA,NA,NA
"8994207",NA,"man","ישראלי/ת","2","למדתי לימודים מתקדמים מעבר לתואר ראשון","7",3,9,NA,NA,NA,NA
"8994237",32,NA,"ישראלי/ת","4","השלמתי תואר ראשון באוניברסיטה","6",0,3,NA,"יהודי/ת",NA,NA
"8994276",NA,"woman","ישראלי/ת","1","למדתי לימודים מתקדמים מעבר לתואר ראשון","7",1,6,NA,NA,NA,NA
"8994280",NA,"woman","ישראלי/ת","2","חלק מתואר ראשון באוניברסיטה","5",0,5,NA,"יהודי/ת",NA,NA
"8994362",NA,"man","ישראלי/ת","1","השלמתי תואר ראשון באוניברסיטה","6",2,6,NA,"יהודי/ת",NA,NA
"8994417",37,"woman","ישראלי/ת","1","השלמתי בית ספר תיכון","4",3,5,NA,NA,NA,NA
"8994402",67,"man","ישראלי/ת","7","השלמתי תואר ראשון באוניברסיטה","6",3,9,NA,"יהודי/ת",NA,NA
"8994424",29,"woman","ישראלי/ת","2","השלמתי תואר ראשון באוניברסיטה","6",0,7,NA,"יהודי/ת",NA,NA
"8994443",25,"man","ישראלי/ת","2","חלק מתואר ראשון באוניברסיטה","5",0,7,NA,"יהודי/ת",NA,NA
"8994431",26,"man","ישראלי/ת",NA,"למדתי לימודים מתקדמים מעבר לתואר ראשון","7",0,6,NA,"יהודי/ת",NA,NA
"8994457",26,"woman","ישראלי/ת","2","השלמתי תואר ראשון באוניברסיטה","6",0,7,NA,"יהודי/ת",NA,NA
"8994448",NA,"man","ישראלי/ת","1","למדתי לימודים מתקדמים מעבר לתואר ראשון","7",0,5,NA,NA,NA,NA
"8994465",29,"man","ישראלי/ת","2","השלמתי תואר ראשון באוניברסיטה","6",0,8,NA,"יהודי/ת",NA,NA
"8994461",31,"man","ישראלי/ת","5","השלמתי תואר ראשון באוניברסיטה","6",0,7,NA,"יהודי/ת",NA,NA
"8994484",27,"woman","ישראלי/ת","1","למדתי לימודים מתקדמים מעבר לתואר ראשון","7",0,7,NA,"יהודי/ת",NA,NA
"8994480",24,"woman","ישראלי/ת","1","חלק מתואר ראשון באוניברסיטה","5",0,6,"קשה להתרגל לאותיות שהגדרתם. עדיף אם אפשר ללחוץ עם העכבר.","יהודי/ת",NA,NA
"8994451",30,"man","ישראלי/ת","2","חלק מתואר ראשון באוניברסיטה","5",0,7,NA,"יהודי/ת",NA,NA
"8994510",30,"man","ישראלי/ת","1","השלמתי תואר ראשון באוניברסיטה","6",0,8,NA,NA,NA,NA
"8994502",NA,"man","ישראלי/ת","1","חלק מתואר ראשון באוניברסיטה","5",0,5,"מעניין","יהודי/ת","אחר",NA
"8994208",31,"man","ישראלי/ת","3","למדתי לימודים מתקדמים מעבר לתואר ראשון","7",0,7,NA,"יהודי/ת",NA,NA
"8994516",42,"man","ישראלי/ת","6","השלמתי תואר ראשון באוניברסיטה","6",3,6,NA,"יהודי/ת",NA,NA
"8994515",NA,"man","ישראלי/ת","1","השלמתי תואר ראשון באוניברסיטה","6",3,8,"מעניין",NA,NA,NA
"8994527",64,"man","ישראלי/ת","1","השלמתי בית ספר תיכון","4",3,6,"לא","יהודי/ת",NA,NA
"8994526",52,"man","ישראלי/ת","5","השלמתי בית ספר תיכון","4",1,NA,NA,NA,NA,NA
"8994522",NA,"man","ישראלי/ת","1","השלמתי תואר ראשון באוניברסיטה","6",4,7,"מאוד הצטערתי שבתחילת הניסוי קבעתי לא לגבי אנשיםלמרות שברור לי לגמרי שלא ניתן לקבוע לפי המראה","יהודי/ת",NA,NA
"8994512",18,"woman","ישראלי/ת","1","השלמתי בית ספר תיכון","4",0,6,NA,NA,NA,NA
"8994551",57,"woman","ישראלי/ת","1","השלמתי תואר ראשון באוניברסיטה","6",1,8,"בהצלחה","יהודי/ת",NA,NA
"8994568",28,"woman","ישראלי/ת","2","למדתי לימודים מתקדמים מעבר לתואר ראשון","7",0,7,"המקש הימני חייב להיות הזהה והשמאלי השונה, זה בניגוד לאינסטינקט","יהודי/ת",NA,NA
"8994396",28,"man","ישראלי/ת","1","חלק מתואר ראשון באוניברסיטה","5",0,5,"אין תודה רבה ביי",NA,NA,NA
"8994627",40,"woman","ישראלי/ת","1","חלק מתואר ראשון באוניברסיטה","5",3,6,"שמחתי להשתתף",NA,NA,NA
"8994638",18,"woman","ישראלי/ת","1","השלמתי בית ספר תיכון","4",0,6,NA,"יהודי/ת",NA,NA
"8994662",57,"man","ישראלי/ת","4","השלמתי תואר ראשון באוניברסיטה","6",3,5,NA,NA,NA,NA
"8993983",30,"man","ישראלי/ת","5","השלמתי בית ספר תיכון","4",0,5,NA,"יהודי/ת",NA,NA
"8994949",NA,"woman","ישראלי/ת","2","חלק מתואר ראשון באוניברסיטה","5",0,5,"אולי לתת עוד קצת זמן לפני שהסקר אומר שלא התקבלה תשובה לתמונה","יהודי/ת",NA,NA
"8994981",25,"man","ישראלי/ת","7","השלמתי תואר ראשון באוניברסיטה","6",0,7,NA,"יהודי/ת",NA,NA
"8995028",NA,"woman","ישראלי/ת","1","השלמתי בית ספר תיכון","4",1,5,NA,NA,NA,NA
"8995132",NA,"man","ישראלי/ת","1","מעדיף/מעדיפה לא לענות","8",2,7,NA,NA,NA,NA
"8995139",19,"woman","ישראלי/ת","4","השלמתי בית ספר תיכון","4",NA,4,"ניסוי נחמד",NA,NA,NA
"8995195",29,"man","ישראלי/ת","6","השלמתי תואר ראשון באוניברסיטה","6",5,5,NA,NA,NA,NA
"8995263",40,"man","ישראלי/ת","1","למדתי לימודים מתקדמים מעבר לתואר ראשון","7",1,7,NA,"יהודי/ת",NA,NA
"8995264",NA,"woman","ישראלי/ת","1","למדתי לימודים מתקדמים מעבר לתואר ראשון","7",0,6,NA,"יהודי/ת",NA,NA
"8995043",30,"woman","ישראלי/ת","5","למדתי לימודים מתקדמים מעבר לתואר ראשון","7",1,8,NA,"יהודי/ת",NA,NA
"8995278",NA,"woman","ישראלי/ת","2","למדתי לימודים מתקדמים מעבר לתואר ראשון","7",2,7,"התמונות עוברות מהר מדי","יהודי/ת",NA,NA
"8995291",NA,"woman","ישראלי/ת","3","למדתי לימודים מתקדמים מעבר לתואר ראשון","7",0,6,NA,"יהודי/ת",NA,NA
"8995292",47,"woman","ישראלי/ת","1","השלמתי תואר ראשון באוניברסיטה","6",2,5,NA,NA,NA,NA
"8995305",21,"woman","ישראלי/ת","4","השלמתי בית ספר תיכון","4",0,5,NA,"יהודי/ת",NA,NA
"8995333",25,"woman","ישראלי/ת","1","השלמתי תואר ראשון באוניברסיטה","6",0,7,NA,"יהודי/ת",NA,NA
"8995326",28,"woman","ישראלי/ת","3","השלמתי תואר ראשון באוניברסיטה","6",0,3,"מקשים מבלבלים",NA,NA,NA
"8995331",28,"man","ישראלי/ת","2","חלק מתואר ראשון באוניברסיטה","5",0,3,"ניסוי מעניין מאוד",NA,NA,NA
"8995298",35,"woman","ישראלי/ת","1","חלק מתואר ראשון באוניברסיטה","5",1,7,NA,"יהודי/ת",NA,NA
"8995369",NA,"woman","ישראלי/ת","3","חלק מתואר ראשון באוניברסיטה","5",NA,5,NA,NA,NA,NA
"8995402",20,"woman","ישראלי/ת","4","השלמתי בית ספר תיכון","4",0,6,"אין","יהודי/ת",NA,NA
"8995405",34,"woman","ישראלי/ת","1","השלמתי תואר ראשון באוניברסיטה","6",0,7,NA,"יהודי/ת",NA,NA
"8995449",40,"man","ישראלי/ת","1","השלמתי תואר ראשון באוניברסיטה","6",3,8,NA,NA,NA,NA
"8995443",47,"man","ישראלי/ת","2","למדתי לימודים מתקדמים מעבר לתואר ראשון","7",3,6,NA,NA,NA,NA
"8995567",31,"man","ישראלי/ת","1","השלמתי בית ספר תיכון","4",0,5,NA,NA,NA,NA
"8995607",23,"man","ישראלי/ת","2","השלמתי בית ספר תיכון","4",0,5,NA,NA,NA,NA
"8995611",52,"woman","ישראלי/ת","1","השלמתי תואר ראשון באוניברסיטה","6",2,8,"הרגשתי שטעיתי פעם או פעמיים מיד עם הלחיצה על המקש",NA,NA,NA
"8995639",26,"woman","ישראלי/ת","4","השלמתי תואר ראשון באוניברסיטה","6",0,4,NA,"יהודי/ת",NA,NA
"8995696",46,"man","ישראלי/ת","4","השלמתי תואר ראשון באוניברסיטה","6",3,5,NA,NA,NA,NA
"8995695",NA,"woman","ישראלי/ת","5","השלמתי תואר ראשון באוניברסיטה","6",2,6,NA,"יהודי/ת",NA,NA
"8995820",NA,"woman","ישראלי/ת","1","השלמתי תואר ראשון באוניברסיטה","6",2,7,"ההסבר ההתחלתי לא ברור מספיק, לחדד את נושא הלחיצות",NA,NA,NA
"8995829",21,"woman","ישראלי/ת","2","השלמתי בית ספר תיכון","4",0,5,NA,NA,NA,NA
"8995839",27,"woman","ישראלי/ת","1","השלמתי תואר ראשון באוניברסיטה","6",0,7,NA,"יהודי/ת",NA,NA
"8995860",36,"woman","ישראלי/ת","2","למדתי לימודים מתקדמים מעבר לתואר ראשון","7",3,6,NA,NA,NA,NA
"8995910",37,"man","ישראלי/ת","3","למדתי לימודים מתקדמים מעבר לתואר ראשון","7",2,8,NA,"יהודי/ת",NA,NA
"8995929",NA,"man","ישראלי/ת","1","חלק מתואר ראשון באוניברסיטה","5",0,6,NA,NA,NA,NA
"8995990",38,"man","ישראלי/ת","1","השלמתי תואר ראשון באוניברסיטה","6",1,8,NA,NA,NA,NA
"8995580",23,"woman","ישראלי/ת","1","חלק מתואר ראשון באוניברסיטה","5",0,8,NA,NA,NA,NA
"8996344",36,"man","ישראלי/ת","2","השלמתי תואר ראשון באוניברסיטה","6",NA,6,NA,"יהודי/ת",NA,NA
"8996334",42,"woman","ישראלי/ת","3","למדתי לימודים מתקדמים מעבר לתואר ראשון","7",3,6,NA,"יהודי/ת",NA,NA
"8996450",60,"woman","ישראלי/ת","1","למדתי לימודים מתקדמים מעבר לתואר ראשון","7",3,9,NA,NA,NA,NA
"8996455",24,"woman","ישראלי/ת","3","חלק מתואר ראשון באוניברסיטה","5",0,6,NA,"יהודי/ת",NA,NA
"8996532",39,"man","ישראלי/ת","4","למדתי לימודים מתקדמים מעבר לתואר ראשון","7",2,8,NA,"יהודי/ת",NA,NA
"8996587",47,"man","ישראלי/ת","5","השלמתי בית ספר תיכון","4",1,6,NA,NA,NA,NA
"8996621",58,"woman","ישראלי/ת","2","חלק מתואר ראשון באוניברסיטה","5",2,5,NA,NA,NA,NA
"8996611",56,"man",NA,"1","השלמתי תואר ראשון באוניברסיטה","6",0,7,NA,"יהודי/ת",NA,NA
"8996648",28,"woman","ישראלי/ת","4","חלק מתואר ראשון באוניברסיטה","5",0,6,NA,"יהודי/ת",NA,NA
"8996792",69,"man",NA,"7","השלמתי בית ספר תיכון","4",1,7,NA,"יהודי/ת",NA,NA
"8997471",NA,"woman","ישראלי/ת","2","השלמתי תואר ראשון באוניברסיטה","6",NA,6,NA,NA,NA,NA
"8997477",47,"man","ישראלי/ת","1","השלמתי תואר ראשון באוניברסיטה","6",2,7,NA,NA,NA,NA
"8997519",44,"man","ישראלי/ת","3","השלמתי תואר ראשון באוניברסיטה","6",3,8,NA,NA,NA,NA
"8997521",27,"woman","ישראלי/ת","1","חלק מתואר ראשון באוניברסיטה","5",0,3,NA,"יהודי/ת",NA,NA
"8997529",34,"woman","ישראלי/ת","2","השלמתי בית ספר תיכון","4",0,5,NA,NA,NA,NA
"8997528",47,"man","ישראלי/ת","8","השלמתי בית ספר תיכון","4",4,7,NA,"יהודי/ת",NA,NA
"8997583",37,"man","ישראלי/ת","1","למדתי לימודים מתקדמים מעבר לתואר ראשון","7",3,7,NA,NA,NA,NA
"8997610",44,"man","ישראלי/ת","2","השלמתי תואר ראשון באוניברסיטה","6",2,7,NA,NA,NA,NA
"8997641",36,"man","ישראלי/ת","2","למדתי לימודים מתקדמים מעבר לתואר ראשון","7",NA,6,NA,NA,NA,NA
"8997738",45,"man","ישראלי/ת","3","השלמתי תואר ראשון באוניברסיטה","6",0,4,NA,"יהודי/ת",NA,NA
"8997758",NA,"man","ישראלי/ת","1","השלמתי תואר ראשון באוניברסיטה","6",3,8,NA,"יהודי/ת",NA,NA
"8997801",NA,"man","ישראלי/ת","1","למדתי לימודים מתקדמים מעבר לתואר ראשון","7",1,10,"היה חלק מהפעמים שהתמונה עוד לא עלתה וכבר שגיאה שלא נתתי תשובה","יהודי/ת",NA,NA
"8997898",35,"man","ישראלי/ת","1","השלמתי תואר ראשון באוניברסיטה","6",2,6,NA,"יהודי/ת",NA,NA
"8997925",28,"man","ישראלי/ת","1","השלמתי תואר ראשון באוניברסיטה","6",0,6,NA,NA,NA,NA
"8998066",NA,"woman","ישראלי/ת","1","למדתי לימודים מתקדמים מעבר לתואר ראשון","7",3,7,NA,NA,NA,NA
"8998075",38,"man","ישראלי/ת","3","חלק מתואר ראשון באוניברסיטה","5",3,3,NA,NA,NA,NA
"8998074",51,"man","ישראלי/ת","1","השלמתי בית ספר תיכון","4",NA,5,"ניסוי מעניין",NA,NA,NA
"8998110",55,"woman","ישראלי/ת","1","למדתי לימודים מתקדמים מעבר לתואר ראשון","7",3,9,"טעיתי בהקלדה 4-5 פעמים מהלחץ ושניה אחרי שסימנתי הבנתי שטעיתי ניסוי מקסים השתדלתי להתעלם מהמקצועות ולהתמקד בעיניים ובפנים","יהודי/ת",NA,NA
"8998142",46,"man","ישראלי/ת","1","השלמתי תואר ראשון באוניברסיטה","6",3,9,NA,"יהודי/ת",NA,NA
"8998160",66,"woman","ישראלי/ת","1","למדתי לימודים מתקדמים מעבר לתואר ראשון","7",3,6,NA,NA,NA,NA
"8998175",NA,"woman",NA,"4","השלמתי בית ספר תיכון","4",0,5,"ניסוי מעניין, תודה","יהודי/ת",NA,NA
"8998230",NA,"man","ישראלי/ת","3","השלמתי בית ספר תיכון","4",0,6,NA,NA,NA,NA
"8998225",NA,"woman","ישראלי/ת","3","השלמתי תואר ראשון באוניברסיטה","6",1,7,NA,NA,NA,NA
"8998726",NA,"woman","ישראלי/ת","5","השלמתי תואר ראשון באוניברסיטה","6",0,7,NA,NA,NA,NA
"8999439",24,"man","ישראלי/ת","1","חלק מתואר ראשון באוניברסיטה","5",0,6,NA,NA,NA,NA
"8999500",46,"man","ישראלי/ת","2","השלמתי תואר ראשון באוניברסיטה","6",3,7,NA,NA,NA,NA
"8999522",21,"man","ישראלי/ת","2","חלק מתואר ראשון באוניברסיטה","5",0,7,NA,"יהודי/ת",NA,NA
"9000027",58,"woman","ישראלי/ת","2","למדתי לימודים מתקדמים מעבר לתואר ראשון","7",3,8,"הכול מאוד מהיר. החלטה נדרשת במהירות שיא. מטה ומטענ. מבלבל. לא מדייק. תוהה מה נלמד מהנסיוי. בהצלחה","יהודי/ת",NA,NA
"9000059",52,"woman","ישראלי/ת","1","למדתי לימודים מתקדמים מעבר לתואר ראשון","7",2,5,NA,"יהודי/ת",NA,NA
"9000065",31,"man","ישראלי/ת","1","למדתי לימודים מתקדמים מעבר לתואר ראשון","7",0,7,NA,"יהודי/ת",NA,NA
"9000075",56,"woman","ישראלי/ת","1","השלמתי בית ספר תיכון","4",0,5,NA,"יהודי/ת",NA,NA
"9000091",48,"woman","ישראלי/ת","2","השלמתי תואר ראשון באוניברסיטה","6",2,4,"שלום. הרבה יותר טבעי ללחוץ עם יד ימין על תשובה חיובית (פרצוף דומה) ועם יד שמול על תשובה שלילית. אחרת זה מבלבל ומאט את התגובה",NA,NA,NA
"9000103",43,"man","ישראלי/ת","1","השלמתי תואר ראשון באוניברסיטה","6",2,3,NA,NA,NA,NA
"9000107",37,"man","ישראלי/ת","1","חלק מתואר ראשון באוניברסיטה","5",4,7,NA,"יהודי/ת",NA,NA
"9000138",58,"woman","ישראלי/ת","1","למדתי לימודים מתקדמים מעבר לתואר ראשון","7",2,6,NA,"יהודי/ת",NA,NA
"9000149",NA,"woman","ישראלי/ת","1","חלק מלימודים על יסודיים (חטיבת ביניים ותיכון)","3",1,7,NA,NA,NA,NA
"9000144",59,"woman","ישראלי/ת","2","השלמתי תואר ראשון באוניברסיטה","6",4,7,NA,"יהודי/ת",NA,NA
"9000155",45,"man","ישראלי/ת","1","למדתי לימודים מתקדמים מעבר לתואר ראשון","7",2,6,NA,"יהודי/ת",NA,NA
"9000162",49,"woman","ישראלי/ת","1","למדתי לימודים מתקדמים מעבר לתואר ראשון","7",2,6,"היו תמונות שלא עלו ולכן לא ניתן היה לענות","יהודי/ת",NA,NA
"9000252",NA,"woman","ישראלי/ת","7","למדתי לימודים מתקדמים מעבר לתואר ראשון","7",0,7,"-",NA,NA,NA
"9000253",55,"woman","ישראלי/ת","3","למדתי לימודים מתקדמים מעבר לתואר ראשון","7",3,7,NA,"יהודי/ת",NA,NA
"9000258",NA,"woman","ישראלי/ת","2","השלמתי תואר ראשון באוניברסיטה","6",1,7,NA,NA,NA,NA
"9000267",33,"man","ישראלי/ת","1","השלמתי תואר ראשון באוניברסיטה","6",1,8,"ראוי לאפשר קצת יותר זמן בליצה על הכפתורים",NA,NA,NA
"9000276",45,"woman","ישראלי/ת","1","למדתי לימודים מתקדמים מעבר לתואר ראשון","7",1,8,NA,NA,NA,NA
"8994473",NA,"woman","ישראלי/ת","1","למדתי לימודים מתקדמים מעבר לתואר ראשון","7",0,6,NA,"יהודי/ת",NA,NA
"8993714",55,"man","ישראלי/ת","1","חלק מתואר ראשון באוניברסיטה","5",1,7,NA,NA,NA,NA
"8993674",44,"woman","ישראלי/ת","1","למדתי לימודים מתקדמים מעבר לתואר ראשון","7",3,7,NA,NA,NA,NA
"8993421",39,"man","ישראלי/ת","1","השלמתי תואר ראשון באוניברסיטה","6",2,9,NA,NA,NA,NA
"8993338",40,"man","ישראלי/ת","7","השלמתי תואר ראשון באוניברסיטה","6",NA,7,"אין",NA,NA,NA
"8991690",48,"woman","ישראלי/ת","1","למדתי לימודים מתקדמים מעבר לתואר ראשון","7",2,7,NA,NA,NA,NA
"8991589",21,"woman","ישראלי/ת","8","חלק מתואר ראשון באוניברסיטה","5",0,6,NA,"יהודי/ת",NA,NA
"8990803",18,"woman","ישראלי/ת","3","השלמתי בית ספר תיכון","4",NA,7,"היה ניסוי מגניב באמת מעניין איך הוא עובד על המוח","יהודי/ת",NA,NA
"8990792",22,"woman","ישראלי/ת","7","חלק מתואר ראשון באוניברסיטה","5",0,5,NA,"יהודי/ת",NA,NA
"8990743",26,"woman","ישראלי/ת","2","השלמתי תואר ראשון באוניברסיטה","6",NA,7,NA,"יהודי/ת",NA,NA
"8989936",29,"man","ישראלי/ת","1","השלמתי תואר ראשון באוניברסיטה","6",0,6,NA,NA,NA,NA
"8989845",27,"woman","ישראלי/ת","5","חלק מתואר ראשון באוניברסיטה","5",0,5,NA,"יהודי/ת",NA,NA
"8989714",39,"man","ישראלי/ת","8","השלמתי תואר ראשון באוניברסיטה","6",0,7,NA,"יהודי/ת",NA,NA
"8989377",NA,"man","ישראלי/ת","1","השלמתי תואר ראשון באוניברסיטה","6",2,7,NA,NA,NA,NA
"8989222",NA,"woman","ישראלי/ת","1","למדתי לימודים מתקדמים מעבר לתואר ראשון","7",3,8,NA,"יהודי/ת",NA,NA
"8989096",49,"man","ישראלי/ת","6","השלמתי בית ספר תיכון","4",NA,6,NA,NA,NA,NA
"8989090",NA,"man","ישראלי/ת","1","חלק מתואר ראשון באוניברסיטה","5",0,6,"להאריך את הזמן תגובה בקצת",NA,NA,NA
"8989040",30,"woman","ישראלי/ת","8","השלמתי תואר ראשון באוניברסיטה","6",3,6,NA,"יהודי/ת",NA,"חרד/ית"
"8988751",35,"man","ישראלי/ת","7","השלמתי תואר ראשון באוניברסיטה","6",2,6,NA,"יהודי/ת",NA,NA
"8988737",NA,"man","ישראלי/ת","6","השלמתי בית ספר תיכון","4",0,6,"לא היה זמן לראות את הפרצופים","יהודי/ת",NA,NA
"8988579",24,"man","ישראלי/ת","6","חלק מתואר ראשון באוניברסיטה","5",0,3,NA,"יהודי/ת",NA,NA
"8997822",39,"man","ישראלי/ת","4","השלמתי תואר ראשון באוניברסיטה","6",3,7,"מסך לבן קצת בוהק בעיניים","יהודי/ת",NA,NA
"8997773",51,"man","ישראלי/ת","2","למדתי לימודים מתקדמים מעבר לתואר ראשון","7",3,8,NA,NA,NA,NA
"8997696",40,"man","ישראלי/ת","3","למדתי לימודים מתקדמים מעבר לתואר ראשון","7",2,7,NA,"יהודי/ת",NA,NA
"8997691",37,"man","ישראלי/ת","2","השלמתי תואר ראשון באוניברסיטה","6",0,7,"tnx","יהודי/ת",NA,NA
"8997625",NA,"woman","ישראלי/ת","4","חלק מתואר ראשון באוניברסיטה","5",NA,8,NA,NA,NA,NA
"8997533",45,"man","ישראלי/ת","6","השלמתי תואר ראשון באוניברסיטה","6",2,5,NA,NA,NA,NA
"8997515",34,"woman","ישראלי/ת","4","למדתי לימודים מתקדמים מעבר לתואר ראשון","7",2,8,NA,"יהודי/ת",NA,NA
"8997504",NA,"man","ישראלי/ת","1","השלמתי תואר ראשון באוניברסיטה","6",2,6,NA,NA,NA,NA
"8997497",23,"woman","ישראלי/ת","1","חלק מתואר ראשון באוניברסיטה","5",0,3,"הניסוי לא בחן זיכרון של פנים אלא משהו שקשור ליכולת להתרכז וללחוץ על המקשים הנכונים כי זה היה האתגר הגדול במשימה (והיחיד)","יהודי/ת",NA,NA
"8997488",42,"man","ישראלי/ת","1","למדתי לימודים מתקדמים מעבר לתואר ראשון","7",3,9,NA,"יהודי/ת",NA,NA
"8996771",61,"woman",NA,"2","השלמתי תואר ראשון באוניברסיטה","6",4,6,NA,"יהודי/ת",NA,NA
"8996688",42,"woman","ישראלי/ת","7","חלק מתואר ראשון באוניברסיטה","5",2,7,NA,NA,NA,NA
"8996649",37,"man","ישראלי/ת","2","למדתי לימודים מתקדמים מעבר לתואר ראשון","7",1,9,NA,"יהודי/ת",NA,NA
"8996653",35,"man","ישראלי/ת","1","חלק מתואר ראשון באוניברסיטה","5",1,8,NA,"יהודי/ת",NA,NA
"8996627",40,"woman","ישראלי/ת","1","השלמתי תואר ראשון באוניברסיטה","6",0,8,NA,"יהודי/ת",NA,NA
"8996591",30,"man","ישראלי/ת","5","השלמתי בית ספר תיכון","4",0,7,NA,"יהודי/ת",NA,NA
"8996606",25,"woman","ישראלי/ת","3","חלק מתואר ראשון באוניברסיטה","5",0,8,NA,"יהודי/ת",NA,NA
"8996518",42,"man","ישראלי/ת","2","השלמתי תואר ראשון באוניברסיטה","6",0,5,NA,NA,NA,NA
"8996517",24,"woman","ישראלי/ת","3","חלק מתואר ראשון באוניברסיטה","5",0,4,"ניסוי נחמד","יהודי/ת",NA,NA
"8996492",NA,"woman","ישראלי/ת","3","השלמתי תואר ראשון באוניברסיטה","6",2,7,NA,NA,NA,NA
"8996474",44,"man","ישראלי/ת","2","השלמתי תואר ראשון באוניברסיטה","6",2,8,NA,NA,NA,NA
"8996475",57,"woman","ישראלי/ת","3","למדתי לימודים מתקדמים מעבר לתואר ראשון","7",3,7,NA,NA,NA,NA
"8996453",NA,"man","ישראלי/ת","1","למדתי לימודים מתקדמים מעבר לתואר ראשון","7",2,6,NA,"יהודי/ת",NA,NA
"8996419",NA,"man","ישראלי/ת",NA,"למדתי לימודים מתקדמים מעבר לתואר ראשון","7",2,8,NA,NA,NA,NA
"8996336",NA,"man","ישראלי/ת","1","השלמתי תואר ראשון באוניברסיטה","6",3,8,NA,"יהודי/ת",NA,NA
"8996278",NA,"man","ישראלי/ת","1","השלמתי בית ספר תיכון","4",0,6,NA,NA,NA,NA
"8996202",23,"woman",NA,"7","חלק מתואר ראשון באוניברסיטה","5",0,7,"לקח זמן להיכנס לעניינים ולהבין עד הסוף את המשימה","יהודי/ת",NA,NA
"8996196",31,"man","ישראלי/ת","5","למדתי לימודים מתקדמים מעבר לתואר ראשון","7",2,7,NA,"יהודי/ת",NA,NA
"8996139",43,"man","ישראלי/ת","1","למדתי לימודים מתקדמים מעבר לתואר ראשון","7",2,7,"לחיצה על לחצן ""המשך"" בעמודים הראשונים עם עכבר, ללא אפשרות להשתמש במקלדת - לא נוחה","יהודי/ת",NA,NA
"8996113",NA,"man","ישראלי/ת","1","חלק מתואר ראשון באוניברסיטה","5",0,3,"למרות שעניתי תוך מחצית השניה, קיבלתי הודעות שלא עניתי בזמן",NA,NA,NA
"8996072",23,"man","ישראלי/ת","3","השלמתי בית ספר תיכון","4",0,7,NA,"יהודי/ת",NA,NA
"8996022",46,"man","ישראלי/ת","3","השלמתי בית ספר תיכון","4",4,7,"לא אין","יהודי/ת",NA,NA
"8996010",37,"woman","ישראלי/ת","1","למדתי לימודים מתקדמים מעבר לתואר ראשון","7",0,9,NA,NA,NA,NA
"8996004",NA,"woman","ישראלי/ת","3","השלמתי תואר ראשון באוניברסיטה","6",0,5,NA,NA,NA,NA
"8995955",49,"man","ישראלי/ת","1","למדתי לימודים מתקדמים מעבר לתואר ראשון","7",0,8,NA,"יהודי/ת",NA,NA
"8995916",35,"man","ישראלי/ת","1","השלמתי תואר ראשון באוניברסיטה","6",0,7,NA,"יהודי/ת",NA,NA
"8995841",55,"man","ישראלי/ת","2","השלמתי תואר ראשון באוניברסיטה","6",0,2,NA,"יהודי/ת",NA,NA
"8995652",25,"woman","ישראלי/ת","1","חלק מתואר ראשון באוניברסיטה","5",0,4,"ניסוי ממש לא ברור, מתי D מתי K, התמונות עברו יותר מדעי מהר, האימון לא הסביר טוב בכלל.","יהודי/ת",NA,NA
"8995598",50,"woman","ישראלי/ת","3","השלמתי תואר ראשון באוניברסיטה","6",2,6,NA,NA,NA,NA
"8995416",NA,"man","ישראלי/ת","1","השלמתי בית ספר תיכון","4",2,7,NA,NA,NA,NA
"8995429",67,"woman","ישראלי/ת","1","חלק מתואר ראשון באוניברסיטה","5",3,5,NA,NA,NA,NA
"8995399",21,"woman",NA,"1",NA,NA,NA,5,NA,"יהודי/ת",NA,NA
"8995401",40,"woman","ישראלי/ת","1","למדתי לימודים מתקדמים מעבר לתואר ראשון","7",2,7,"תודה!","יהודי/ת",NA,NA
"8995372",49,"woman","ישראלי/ת","1","השלמתי תואר ראשון באוניברסיטה","6",3,7,NA,"יהודי/ת",NA,NA
"8995370",43,"man","ישראלי/ת","2","למדתי לימודים מתקדמים מעבר לתואר ראשון","7",3,7,NA,"יהודי/ת",NA,NA
"8995385",27,"woman","ישראלי/ת","3","השלמתי תואר ראשון באוניברסיטה","6",NA,4,NA,NA,NA,NA
"8995308",NA,"woman","ישראלי/ת","4","למדתי לימודים מתקדמים מעבר לתואר ראשון","7",4,7,NA,"יהודי/ת",NA,NA
"8995259",30,"woman","ישראלי/ת","2","חלק מתואר ראשון באוניברסיטה","5",0,7,"הניסוי הכי מוזר שהשתתפתי בו, לא ברור בכלל, לקח לי זמן להבין שאתם רוצים שאני אתייחס רק לפרצופים ולא איזה פרצוף מתאים למקצוע",NA,NA,NA
"8995286",33,"man","ישראלי/ת","2","השלמתי תואר ראשון באוניברסיטה","6",0,6,NA,"יהודי/ת",NA,NA
"8995117",NA,"woman","ישראלי/ת","3","חלק מתואר ראשון באוניברסיטה","5",0,7,NA,"יהודי/ת",NA,NA
"8994868",36,"woman","ישראלי/ת","1","השלמתי תואר ראשון באוניברסיטה","6",2,5,NA,"יהודי/ת",NA,NA
"8995050",33,"woman","ישראלי/ת","1","השלמתי תואר ראשון באוניברסיטה","6",1,7,NA,NA,NA,NA
"8995029",30,"woman","ישראלי/ת","1","למדתי לימודים מתקדמים מעבר לתואר ראשון","7",0,4,NA,NA,NA,NA
"8994894",58,"man","ישראלי/ת","3","השלמתי תואר ראשון באוניברסיטה","6",3,6,NA,"יהודי/ת",NA,NA
"8994853",29,"woman",NA,"1","מעדיף/מעדיפה לא לענות","8",0,6,NA,NA,NA,NA
"8994779",NA,"woman","ישראלי/ת","1","השלמתי תואר ראשון באוניברסיטה","6",2,6,NA,NA,NA,NA
"8994762",NA,"man","ישראלי/ת","1","השלמתי בית ספר תיכון","4",0,4,NA,"יהודי/ת",NA,NA
"8994559",47,"man","ישראלי/ת","3","חלק מתואר ראשון באוניברסיטה","5",1,5,"יותר סקרים רלוונטיים","יהודי/ת",NA,NA
"8994741",61,"man",NA,"2","חלק מתואר ראשון באוניברסיטה","5",1,6,"לא הבנתי את השפעת הצגת המקצוע לפני השוואה","יהודי/ת",NA,NA
"8994681",NA,"man","ישראלי/ת","1","חלק מתואר ראשון באוניברסיטה","5",2,7,"אני חושב שזמן התשובה הוא קצת קצר מידי, טעיתי פעמיים לפחות בגלל הזמן הקצר",NA,NA,NA
"8994660",32,"woman",NA,"1","למדתי לימודים מתקדמים מעבר לתואר ראשון","7",0,4,"ההוראות בהתחלה היו קצת מבלבלות, חשוב לכתוב כי המסך עובר מהר ובזמן הצגת התמונה השנייה צריך ללחוץ מהר על המקש","יהודי/ת",NA,NA
"8994652",27,"woman","ישראלי/ת","1","השלמתי תואר ראשון באוניברסיטה","6",2,7,"לא",NA,NA,NA
"8994629",32,"man","ישראלי/ת","1","למדתי לימודים מתקדמים מעבר לתואר ראשון","7",1,8,NA,"יהודי/ת",NA,NA
"8994616",32,"man","ישראלי/ת","2","השלמתי בית ספר תיכון","4",0,7,NA,"יהודי/ת",NA,NA
"9000283",NA,"woman","ישראלי/ת","1","חלק מתואר ראשון באוניברסיטה","5",0,4,NA,"יהודי/ת",NA,NA
"9000280",42,"woman","ישראלי/ת","1","חלק מתואר ראשון באוניברסיטה","5",2,6,"פעמיים בטעות הקשתי תשובה שגויה",NA,NA,NA
"9000288",34,"man","ישראלי/ת","1","למדתי לימודים מתקדמים מעבר לתואר ראשון","7",0,5,"ניסוי נחמד אך מבלבל","יהודי/ת",NA,NA
NA,NA,NA,NA,NA,NA,NA,NA,NA,NA,NA,NA,NA
